customer_id,age,gender,location_country,subscription_type,subscription_duration_days,monthly_revenue,login_frequency,feature_usage_count,session_duration_avg,page_views_total,support_tickets_count,support_tickets_avg_resolution_days,payment_failures_count,days_since_last_payment,email_opens_count,email_clicks_count,churn_probability,churn_date,cancellation_reason,final_billing_amount,retention_offer_accepted,post_churn_support_contacts
CUST_000001,40.0,F,FR,Basic,107,32.11103572021701,11,3,10.413517752073492,29,0,0.0,0,37,6,0,0.0,,,,,0
CUST_000002,33.0,F,US,Basic,248,23.305834411096154,27,16,35.76440575689215,74,1,2.6711773989466887,0,9,0,0,0.0,,,,,0
CUST_000003,42.0,M,DE,Premium,189,87.48430882205285,13,7,94.71038164509072,60,0,0.0,0,1,1,0,0.0,,,,,0
CUST_000004,53.0,Other,US,Basic,174,28.6211785673227,10,9,1.385933912201415,36,0,0.0,0,48,2,0,0.0,,,,,0
CUST_000005,32.0,F,US,Enterprise,78,225.0431166014713,11,3,10.66532002861832,23,0,0.0,0,31,0,0,0.0,,,,,0
CUST_000006,32.0,M,UK,Basic,331,23.64071383479922,32,15,91.39206257603794,96,1,0.960576951701103,1,21,4,0,0.0,,,,,0
CUST_000007,53.0,M,US,Enterprise,114,195.762068828414,12,5,,39,1,2.110300017323052,0,40,5,0,0.0,,,,,0
CUST_000008,44.0,M,DE,Premium,696,74.08097552493795,25,13,4.089100207155997,96,1,9.559999521241155,0,3,2,1,0.0,,,,,0
CUST_000009,29.0,M,DE,Basic,180,30.882047630487584,12,12,20.55517762313852,47,1,0.5676620190547181,0,27,1,0,0.0,,,,,0
CUST_000010,41.0,M,CA,Enterprise,24,220.3888914755178,10,6,5.044721582118768,27,0,0.0,0,17,2,0,0.0,,,,,0
CUST_000011,29.0,M,US,Basic,202,24.651684593626527,17,13,4.7231460698847485,68,2,2.8594944654910126,0,30,9,3,1.0,1706400000000000000,Price,22.508522875053096,False,1
CUST_000012,29.0,M,US,Premium,70,67.1033334090964,12,2,23.63380041354172,25,1,,0,23,3,1,0.0,,,,,0
CUST_000013,37.0,M,UK,Basic,208,23.05294053566336,17,10,21.29998168569804,58,0,0.0,0,6,2,0,0.0,,,,,0
CUST_000014,18.0,F,AU,Premium,12,77.15474642344151,8,4,33.83995938850385,29,1,1.1301054789350649,0,22,6,3,0.0,,,,,0
CUST_000015,18.0,M,UK,Premium,34,72.95255335461788,11,3,20.49977748514334,28,1,3.4580304004156903,0,4,5,1,0.0,,,,,0
CUST_000016,28.0,F,US,Premium,348,56.94433942900931,29,18,57.0727568350705,87,0,0.0,0,5,1,1,0.0,,,,,0
CUST_000017,22.0,M,UK,Premium,46,87.97066196887133,9,3,0.06297717093704933,26,0,0.0,1,1,1,1,0.0,,,,,0
CUST_000018,38.0,Other,CA,Basic,326,32.01593715541171,33,13,,92,0,0.0,0,41,4,1,0.0,,,,,0
CUST_000019,24.0,M,DE,Basic,58,26.279429989429037,8,5,2.750079120118427,29,1,0.025018555328767577,0,5,0,1,1.0,1706140800000000000,Price,22.067293008512426,True,1
CUST_000020,18.0,M,US,Basic,185,28.18603546963853,21,6,62.09963914904284,54,0,0.0,0,11,1,0,1.0,1706140800000000000,Support,30.46070233645728,False,0
CUST_000021,52.0,Other,DE,Basic,213,29.204595876978605,28,9,5.676087862901235,59,0,0.0,0,7,1,1,0.0,,,,,0
CUST_000022,32.0,F,CA,Premium,129,78.93478684770542,12,5,,32,0,0.0,0,48,2,1,0.0,,,,,0
CUST_000023,35.0,F,AU,Basic,65,32.70412172710063,6,3,9.092509092780695,19,1,0.45359743886023574,1,6,6,1,1.0,1706140800000000000,Price,37.04358088593448,False,1
CUST_000024,18.0,M,US,Enterprise,43,205.2868402235128,10,2,3.8207610718207303,26,1,2.655588499369366,0,22,2,0,0.0,,,,,0
CUST_000025,28.0,M,UK,Premium,6,71.65826201221505,8,4,2.9443881700865115,19,1,0.6730855023254076,0,29,8,2,0.0,,,,,0
CUST_000026,36.0,F,FR,Premium,65,79.8199555641356,12,3,11.425519698496856,30,0,0.0,0,8,2,1,1.0,1705104000000000000,Other,79.38208156193437,True,2
CUST_000027,21.0,Other,US,Basic,190,16.188331706023448,7,10,2.4577297526661632,61,0,0.0,0,7,1,0,1.0,1704844800000000000,Price,17.703085064849834,True,0
CUST_000028,39.0,F,FR,Premium,501,93.55822322146767,29,23,2.996405403971843,83,2,0.35840248869923486,0,20,3,1,0.0,,,,,0
CUST_000029,27.0,F,UK,Enterprise,368,186.91096290383658,36,14,23.28028931235172,102,1,7.293453455711033,0,36,2,1,0.0,,,,,0
CUST_000030,31.0,M,US,Basic,261,32.92302143949012,16,15,,71,0,0.0,0,21,2,2,0.0,,,,,0
CUST_000031,27.0,F,US,Premium,279,79.8382662792936,32,14,31.35831505022574,73,1,2.8478161164047133,0,3,1,0,1.0,1705622400000000000,Features,70.01927144162123,False,1
CUST_000032,57.0,M,UK,Premium,196,93.10459145203504,11,7,14.964026771052168,63,0,0.0,0,32,4,0,1.0,1705449600000000000,Support,96.45682108571972,False,1
CUST_000033,34.0,M,US,Basic,54,29.11232946406023,5,4,10.426730949956976,31,1,6.4213103330379475,0,7,3,0,0.0,,,,,0
CUST_000034,22.0,M,CA,Basic,427,31.73559557587605,18,16,22.742076621170174,111,0,0.0,1,12,1,2,0.0,,,,,0
CUST_000035,44.0,F,US,Basic,199,23.095935923455777,21,10,76.03904161771464,43,2,1.2583822457991076,0,26,2,1,0.0,,,,,0
CUST_000036,20.0,M,UK,Basic,147,34.57160847334436,12,6,1.152923286949498,40,0,0.0,0,3,2,2,0.0,,,,,0
CUST_000037,37.0,M,US,Basic,21,32.57690657720622,9,4,13.987412610738604,23,0,0.0,1,23,2,0,1.0,1704672000000000000,Support,29.966816563468065,False,1
CUST_000038,18.0,F,FR,Basic,106,32.59092862853967,7,5,32.668670299810756,29,1,2.0824123826367424,0,13,4,1,0.0,,,,,0
CUST_000039,19.0,M,AU,Basic,111,31.192378694048635,5,5,25.114560484184818,28,3,4.728439975819984,0,33,8,1,0.0,,,,,0
CUST_000040,37.0,F,AU,Basic,359,29.09808328846995,27,14,10.141311873103344,106,1,0.4880991110994871,0,2,5,1,0.0,,,,,0
CUST_000041,43.0,M,UK,Enterprise,142,155.71996741387687,9,8,6.919981676750372,43,0,0.0,0,8,2,1,0.0,,,,,0
CUST_000042,37.0,F,US,Basic,86,31.95907066870689,9,2,15.780972380156975,36,0,0.0,2,26,4,2,1.0,1706572800000000000,Price,30.148937524660887,False,0
CUST_000043,33.0,F,DE,Enterprise,677,200.03314080676546,43,20,4.401716411153974,115,0,0.0,0,1,2,2,0.0,,,,,0
CUST_000044,31.0,M,US,Basic,21,26.131991135515495,5,3,20.882224342671066,24,1,3.253398033650785,0,1,3,0,1.0,1704153600000000000,Competitor,21.918557050795293,False,1
CUST_000045,18.0,M,US,Basic,98,29.509281476309933,7,3,17.27344606040896,25,0,0.0,0,69,3,0,0.0,,,,,0
CUST_000046,26.0,M,US,Basic,7,36.74510075747594,5,7,16.34846906853834,25,1,5.014471267195112,1,4,6,3,1.0,1706313600000000000,Price,39.0924436726421,False,1
CUST_000047,29.0,M,CA,Basic,242,22.804464621730496,20,12,3.550299343998884,81,1,0.5085187095446406,0,55,7,1,0.0,,,,,0
CUST_000048,47.0,Other,DE,Basic,450,21.6623736712378,40,12,63.249971824759484,96,0,0.0,0,3,3,1,0.0,,,,,0
CUST_000049,39.0,M,UK,Premium,59,97.0930634973311,8,5,14.235826074442459,23,1,0.19917350246626853,0,6,3,2,0.0,,,,,0
CUST_000050,18.0,F,CA,Basic,351,29.25443850928009,32,16,86.64815420670553,98,0,0.0,0,20,2,2,1.0,1704153600000000000,Features,25.879825840049534,False,1
CUST_000051,38.0,M,US,Premium,62,70.52366071380915,7,3,0.5310729045612588,18,0,0.0,0,16,2,1,0.0,,,,,0
CUST_000052,30.0,F,AU,Premium,434,72.4791111140694,28,14,1.169095355984222,98,0,0.0,0,13,1,2,0.0,,,,,0
CUST_000053,26.0,F,CA,Basic,252,27.883988726825976,19,7,16.33870216942603,51,0,,0,11,4,1,0.0,,,,,0
CUST_000054,42.0,F,CA,Basic,294,36.44931719301041,19,14,6.57802117875967,78,0,0.0,1,27,3,0,0.0,,,,,0
CUST_000055,47.0,F,US,Premium,3,75.2949190140997,9,4,,28,0,0.0,0,4,1,1,1.0,1705276800000000000,Price,85.26557582278136,False,1
CUST_000056,46.0,M,DE,Basic,592,24.85751487609877,39,10,124.65635819494987,92,1,0.7131456368271204,0,8,4,1,1.0,1705276800000000000,Features,20.869284111267152,True,1
CUST_000057,24.0,M,UK,Basic,233,28.483726199254765,21,12,16.07457473655,74,0,0.0,0,2,1,1,0.0,,,,,0
CUST_000058,31.0,Other,US,Enterprise,65,176.5839443171198,5,3,23.300125833381585,35,0,0.0,0,13,5,1,0.0,,,,,0
CUST_000059,38.0,F,US,Basic,318,28.120727977839643,28,18,0.010639906031670976,83,2,0.47098515554234377,0,4,4,0,0.0,,,,,0
CUST_000060,46.0,Other,UK,Premium,59,94.19283923641768,5,4,2.3067698924902293,19,1,1.8699105115044528,0,6,3,0,0.0,,,,,0
CUST_000061,29.0,M,UK,Enterprise,371,126.32529451695896,32,18,1.5447970828920239,89,0,0.0,0,9,5,2,1.0,1706572800000000000,Support,121.6976810179704,True,0
CUST_000062,32.0,F,US,Basic,21,30.153504528593416,6,5,4.971449763383537,26,1,1.2344323280360445,0,1,0,5,1.0,1705449600000000000,Competitor,27.760565423747323,True,0
CUST_000063,21.0,Other,AU,Basic,218,22.699176174137097,24,8,72.30423110391268,39,0,0.0,1,1,1,1,0.0,,,,,0
CUST_000064,20.0,M,US,Basic,140,25.918192959802614,14,11,1.9829387608411013,35,0,0.0,0,17,1,1,0.0,,,,,0
CUST_000065,44.0,M,CA,Basic,18,27.124018098380315,6,6,11.65556191750812,24,2,,1,8,4,1,0.0,,,,,0
CUST_000066,51.0,F,FR,Basic,49,27.41142451621883,4,2,7.507007446042505,25,1,0.49693489018888876,0,30,2,1,0.0,,,,,0
CUST_000067,34.0,F,CA,Premium,2,80.71839339793532,6,1,34.852517070017846,21,0,0.0,0,17,6,2,0.0,,,,,0
CUST_000068,47.0,F,UK,Basic,113,31.78845530362562,13,3,2.051266066291392,32,0,0.0,0,1,1,1,0.0,,,,,0
CUST_000069,39.0,M,US,Basic,64,23.44271021531484,6,4,2.9786566628223317,24,0,0.0,0,14,4,2,0.0,,,,,0
CUST_000070,27.0,F,US,Enterprise,164,210.39760487926756,20,3,0.683039992615808,45,0,0.0,0,1,4,2,0.0,,,,,0
CUST_000071,39.0,M,AU,Premium,63,84.97228218253385,12,6,7.113085092219492,26,1,0.15433472734190026,0,22,1,0,0.0,,,,,0
CUST_000072,53.0,M,CA,Premium,64,69.51651995775799,11,5,,28,0,0.0,0,71,2,1,0.0,,,,,0
CUST_000073,34.0,M,FR,Basic,244,36.90270343284187,18,9,69.11630432693492,72,0,0.0,0,11,3,1,0.0,,,,,0
CUST_000074,53.0,F,US,Premium,8,65.32862193539754,7,7,11.608996066252802,24,0,0.0,0,17,8,2,1.0,1705708800000000000,Price,72.70367460381694,False,3
CUST_000075,18.0,F,US,Basic,419,24.94571244394831,43,16,47.60765048135413,108,1,7.282892016627036,0,4,0,2,1.0,1705276800000000000,Other,26.792145940895157,False,1
CUST_000076,44.0,F,US,Basic,344,22.71211070542692,28,15,36.26792872605468,75,2,4.17004454286446,0,8,1,1,0.0,,,,,0
CUST_000077,36.0,M,UK,Basic,198,27.829900704465093,17,11,2.6495173958882168,53,0,,0,29,3,3,1.0,1704585600000000000,Competitor,23.92305251642013,True,0
CUST_000078,31.0,F,US,Premium,161,85.25630933646,10,7,13.166688008021042,34,2,3.762510092897937,1,2,1,2,1.0,1706572800000000000,Price,80.00890422217624,False,1
CUST_000079,36.0,M,FR,Basic,401,33.93667258294551,22,19,380.5668059191408,99,2,2.2478775219384444,0,4,4,0,0.0,,,,,0
CUST_000080,18.0,F,CA,Basic,36,28.620244881787386,1,2,,27,0,0.0,0,8,4,0,0.0,,,,,0
CUST_000081,32.0,M,AU,Basic,14,27.40076238372578,12,2,27.990323747588793,24,1,1.1260254908501037,0,18,0,0,1.0,1705276800000000000,Price,32.361242756639356,False,0
CUST_000082,39.0,M,US,Basic,49,29.758789961243703,7,7,21.661065383180873,31,0,,1,7,1,0,0.0,,,,,0
CUST_000083,52.0,F,FR,Premium,284,68.91445315923792,23,8,4.289421570665169,69,0,0.0,0,39,6,0,1.0,1705190400000000000,Features,57.54899082970445,True,1
CUST_000084,28.0,M,DE,Premium,6,59.373743083274206,7,4,3.2257035928030984,23,0,0.0,0,1,5,1,1.0,1705017600000000000,Price,58.793544688725135,False,2
CUST_000085,25.0,F,DE,Premium,157,82.49650047299694,15,0,0.06817580807850357,45,0,0.0,1,6,2,0,0.0,,,,,0
CUST_000086,28.0,F,DE,Basic,970,29.923702894478623,32,20,18.085101133175126,100,1,0.6906158132517364,0,18,3,0,0.0,,,,,0
CUST_000087,45.0,M,DE,Basic,348,39.118031096148194,24,12,5.556898929758362,109,0,0.0,1,3,7,0,0.0,,,,,0
CUST_000088,38.0,F,UK,Basic,132,29.033999222799988,9,4,11.736315674465876,56,0,0.0,0,16,1,0,1.0,1706486400000000000,Support,34.542007167953585,False,1
CUST_000089,28.0,M,US,Basic,11,28.049804824992528,10,4,,37,1,9.547362292203726,1,2,4,4,0.0,,,,,0
CUST_000090,41.0,F,US,Basic,320,27.212772885947864,23,16,92.24407612617108,81,0,0.0,0,1,3,0,0.0,,,,,0
CUST_000091,36.0,Other,FR,Premium,164,75.70552213652908,14,8,31.505491372550615,50,0,0.0,0,1,2,0,0.0,,,,,0
CUST_000092,46.0,F,UK,Basic,21,35.86424237338265,11,3,34.87638593626499,24,0,0.0,0,39,2,1,1.0,1705276800000000000,Features,35.15683150565873,False,2
CUST_000093,26.0,M,DE,Basic,17,17.940690443352466,7,4,0.6925650033707486,26,0,0.0,0,12,3,1,0.0,,,,,0
CUST_000094,31.0,Other,CA,Basic,432,36.66716850648163,29,19,0.6127308727113244,112,0,0.0,1,23,6,0,0.0,,,,,0
CUST_000095,30.0,F,US,Basic,199,21.880214237749275,16,6,29.92609138870019,52,1,5.2717430111450865,2,6,4,3,1.0,1705881600000000000,Other,24.808416675461007,True,0
CUST_000096,18.0,M,US,Basic,318,27.666738353827927,27,20,15.086389331656369,103,0,0.0,1,13,1,3,0.0,,,,,0
CUST_000097,38.0,M,UK,Enterprise,380,221.32384675271922,40,15,14.61805115817974,111,1,2.749801889208837,0,10,3,2,0.0,,,,,0
CUST_000098,38.0,F,CA,Premium,152,85.12468794013603,13,6,8.482496279780849,43,1,0.5097374299864006,0,43,3,3,0.0,,,,,0
CUST_000099,35.0,F,US,Enterprise,131,188.75783518426258,13,6,5.720904840971202,33,0,0.0,0,20,1,2,1.0,1704153600000000000,Features,162.16443339138982,False,0
CUST_000100,32.0,F,CA,Basic,101,31.310863330409713,7,3,10.047895704766285,21,2,0.7857387890789805,0,19,2,0,0.0,,,,,0
CUST_000101,18.0,F,US,Basic,68,39.12154811643426,7,1,7.25104518403514,27,0,,1,1,1,1,0.0,,,,,0
CUST_000102,29.0,F,CA,Basic,102,22.184129977035948,7,3,10.17617787173235,24,0,0.0,0,11,2,1,0.0,,,,,0
CUST_000103,30.0,M,US,Basic,267,29.94853083805198,10,9,41.41910500655231,79,2,1.589145553524472,1,9,4,2,0.0,,,,,0
CUST_000104,25.0,M,DE,Premium,165,93.31366781831184,18,3,11.2200748867726,48,0,0.0,0,39,0,0,0.0,,,,,0
CUST_000105,33.0,M,US,Basic,401,31.129436030965177,17,12,14.47135885588849,99,0,0.0,0,4,2,1,0.0,,,,,0
CUST_000106,39.0,F,CA,Basic,105,29.09573888707876,8,6,2.6507010446234616,24,0,0.0,0,4,0,0,0.0,,,,,0
CUST_000107,57.0,M,US,Basic,168,25.79256545477845,8,8,10.032731247503447,58,0,0.0,0,7,5,4,0.0,,,,,0
CUST_000108,37.0,F,US,Basic,179,31.43936142435537,9,10,33.66308505474022,43,0,0.0,0,4,1,0,0.0,,,,,0
CUST_000109,38.0,F,US,Premium,161,82.86808520689203,18,6,31.606988044845238,53,1,10.62888344703717,0,2,1,0,0.0,,,,,0
CUST_000110,34.0,F,CA,Basic,218,28.045481041363505,21,9,33.28523024337721,71,1,11.623916980085916,0,29,1,2,0.0,,,,,0
CUST_000111,18.0,M,UK,Basic,48,32.59878971074091,7,1,3.3326236537873504,29,0,0.0,0,12,5,1,1.0,1705968000000000000,Competitor,30.817375006790705,False,1
CUST_000112,34.0,F,US,Basic,129,22.53363521064418,12,2,15.891031376763452,33,1,6.363458474660382,0,29,2,2,0.0,,,,,0
CUST_000113,35.0,M,UK,Basic,19,24.217818115909957,6,4,10.569690274921458,25,1,0.7222493977213835,0,26,2,2,0.0,,,,,0
CUST_000114,64.0,F,FR,Premium,87,89.45088474084753,8,4,8.277056680325247,32,0,0.0,0,4,2,2,0.0,,,,,0
CUST_000115,32.0,M,DE,Premium,120,80.44887833096891,13,4,13.307683339721548,27,0,0.0,0,11,1,0,0.0,,,,,0
CUST_000116,38.0,M,US,Enterprise,190,219.75479529656525,21,7,17.861630194870905,48,0,0.0,0,1,2,1,0.0,,,,,0
CUST_000117,34.0,F,CA,Premium,541,75.48585764286267,38,14,41.67294580070368,115,1,0.3570653527256491,0,37,1,2,0.0,,,,,0
CUST_000118,20.0,M,US,Basic,165,28.99645702711677,9,10,28.80723440287412,49,0,0.0,0,7,8,1,0.0,,,,,0
CUST_000119,48.0,M,US,Premium,244,70.81571334057999,24,8,3.9350471156330484,68,0,0.0,0,7,10,3,0.0,,,,,0
CUST_000120,44.0,F,AU,Basic,127,32.022576631776836,8,5,24.42630668257078,36,1,1.370277628999542,0,5,3,2,1.0,1704758400000000000,Price,27.670921085138048,True,1
CUST_000121,44.0,F,US,Basic,180,33.41166531161704,18,5,3.6512687043355196,55,0,0.0,0,9,3,3,0.0,,,,,0
CUST_000122,24.0,F,CA,Premium,13,65.00693825198059,5,3,0.8618930258820381,23,0,0.0,0,4,5,0,0.0,,,,,0
CUST_000123,51.0,F,UK,Basic,52,26.649789261202493,7,4,,37,0,0.0,0,7,0,1,0.0,,,,,0
CUST_000124,18.0,F,UK,Enterprise,80,243.5449727192765,5,7,39.329546999871425,29,0,0.0,0,24,2,0,0.0,,,,,0
CUST_000125,42.0,M,CA,Basic,115,26.816401319797023,15,4,0.9957070731381271,28,1,,0,26,3,0,0.0,,,,,0
CUST_000126,61.0,M,US,Premium,8,87.8523148298899,10,6,7.320564427859523,32,0,0.0,0,5,1,0,0.0,,,,,0
CUST_000127,23.0,M,US,Premium,27,73.07644044347947,10,5,2.5761983157921615,35,1,1.8417233769120311,1,9,0,0,0.0,,,,,0
CUST_000128,28.0,Other,CA,Premium,58,80.23547695955583,5,3,8.303228823042126,26,0,0.0,0,31,1,1,0.0,,,,,0
CUST_000129,36.0,F,US,Premium,640,98.54157433750287,28,22,88.64999958516937,119,0,0.0,1,1,2,1,0.0,,,,,0
CUST_000130,28.0,M,US,Premium,72,73.94253295738064,7,3,37.60054047898241,26,0,0.0,0,32,0,1,1.0,1705017600000000000,Support,79.23279847821962,False,0
CUST_000131,18.0,F,US,Basic,118,32.720959857499686,5,5,16.484149206096117,34,1,12.800087853469265,0,3,6,2,0.0,,,,,0
CUST_000132,35.0,Other,US,Basic,39,28.093879133909486,14,1,5.460121998404908,24,1,0.1508926527701776,0,17,5,1,0.0,,,,,0
CUST_000133,22.0,M,US,Basic,169,25.75313480839287,19,12,21.703341456444875,38,0,0.0,2,13,3,4,1.0,1705536000000000000,Price,24.350440980812163,True,0
CUST_000134,40.0,F,US,Premium,59,79.03695671847848,7,3,4.674604243300508,21,0,0.0,1,12,3,1,0.0,,,,,0
CUST_000135,23.0,F,CA,Basic,41,36.098015022568184,7,7,30.074849746848503,20,0,0.0,0,29,1,1,1.0,1706313600000000000,Features,34.4867127468517,False,0
CUST_000136,53.0,F,UK,Premium,130,92.41475915530881,9,3,36.893026235322374,30,0,0.0,1,1,2,2,0.0,,,,,0
CUST_000137,25.0,M,DE,Basic,1,19.66730024319692,8,5,,27,2,1.9811938353786664,0,6,6,0,1.0,1705276800000000000,Price,21.776342106442932,True,0
CUST_000138,31.0,F,US,Basic,1,34.03756844918461,7,6,4.909309116671631,22,0,0.0,0,11,2,0,0.0,,,,,0
CUST_000139,44.0,Other,US,Premium,44,91.30874513154735,2,6,4.340949159516453,37,0,0.0,0,25,5,1,0.0,,,,,0
CUST_000140,20.0,F,US,Basic,6,32.953127995813844,5,7,0.4248642030058653,29,0,0.0,0,3,5,3,1.0,1704672000000000000,Support,33.53326506408489,True,1
CUST_000141,37.0,F,UK,Basic,20,19.149480911440822,7,5,21.148079491461203,22,0,0.0,0,24,2,0,1.0,1705276800000000000,Competitor,20.01492915498134,False,0
CUST_000142,50.0,Other,UK,Basic,74,33.462986691496546,12,2,7.4816749322425835,16,0,0.0,0,7,5,3,1.0,1706313600000000000,Price,33.03712194599069,False,0
CUST_000143,18.0,F,US,Enterprise,292,166.98861072493833,21,16,15.948047948915526,74,2,7.334023096854362,0,3,5,1,0.0,,,,,0
CUST_000144,37.0,M,FR,Premium,152,73.69029102188036,13,6,13.44726012209836,36,0,0.0,1,21,4,3,0.0,,,,,0
CUST_000145,38.0,F,US,Basic,129,29.071365339182172,7,4,30.59829345788369,35,0,0.0,0,1,4,0,0.0,,,,,0
CUST_000146,44.0,F,CA,Basic,62,24.230302903016774,7,2,1.663632303970787,23,3,0.01831840660377921,1,10,1,2,0.0,,,,,0
CUST_000147,20.0,M,,Basic,483,26.964818435366098,31,18,97.47542665868416,98,1,2.1269885713444117,0,1,0,1,0.0,,,,,0
CUST_000148,19.0,F,FR,Premium,91,87.53975976552223,3,3,28.791119431542167,27,0,0.0,0,6,1,1,0.0,,,,,0
CUST_000149,41.0,Other,UK,Premium,16,83.14865500361911,4,4,36.64959323169031,25,0,0.0,0,13,1,1,1.0,1704844800000000000,Features,98.3282993846159,False,0
CUST_000150,38.0,Other,DE,Basic,172,31.922064902362422,14,6,12.103250234309733,38,0,0.0,0,12,4,1,0.0,,,,,0
CUST_000151,38.0,F,US,Basic,21,38.88220292257743,11,6,3.0600239321472165,22,1,6.283265557650805,0,7,1,0,1.0,1705276800000000000,Support,35.26846240246306,False,0
CUST_000152,39.0,M,DE,Basic,76,21.178791941444743,10,3,5.847891250113498,12,0,,0,8,4,1,1.0,1706140800000000000,Other,24.473807500815816,True,2
CUST_000153,26.0,Other,US,Premium,127,53.70439922305697,14,6,7.140812278192302,29,0,0.0,0,3,3,4,0.0,,,,,0
CUST_000154,37.0,F,FR,Premium,373,76.03392540930201,35,15,9.688577676878353,92,0,0.0,1,9,1,0,0.0,,,,,0
CUST_000155,38.0,M,CA,Basic,122,24.50607975838436,9,5,15.836692023840126,29,0,0.0,2,45,7,1,1.0,1705449600000000000,Price,20.223692904335742,False,0
CUST_000156,26.0,Other,DE,Basic,218,22.348431871305053,15,12,,72,0,,0,28,2,1,1.0,1704499200000000000,Other,23.49050000620819,False,0
CUST_000157,57.0,F,CA,Basic,888,28.054398046114834,30,15,100.38432821705148,97,0,0.0,0,2,7,1,0.0,,,,,0
CUST_000158,40.0,F,UK,Enterprise,25,152.55246371504282,7,3,0.4079550136354198,24,0,,1,1,3,1,1.0,1705795200000000000,Support,152.79027459549064,False,1
CUST_000159,20.0,F,CA,Basic,57,28.362254398112327,9,3,12.905670336452452,27,1,1.6594667175130053,0,40,4,0,0.0,,,,,0
CUST_000160,42.0,M,UK,Premium,90,94.73019725214857,12,1,17.993493232807214,31,0,0.0,0,11,3,1,0.0,,,,,0
CUST_000161,23.0,M,US,Premium,98,74.34194430881837,6,5,19.395552204336887,29,0,0.0,0,11,3,2,0.0,,,,,0
CUST_000162,44.0,M,US,Basic,95,28.939555260769726,10,4,28.661049744107707,21,1,4.3093643404709505,1,22,2,2,1.0,1704499200000000000,Price,30.44717658399056,False,1
CUST_000163,48.0,F,US,Basic,428,22.738032777934404,33,13,65.28804890703451,100,0,0.0,1,5,3,1,0.0,,,,,0
CUST_000164,25.0,M,US,Basic,225,30.81815941312484,20,12,82.13920627487246,55,0,0.0,0,9,3,0,0.0,,,,,0
CUST_000165,46.0,M,FR,Premium,168,80.95024984028127,13,6,9.437178863125574,53,1,1.052662176823812,1,51,4,0,1.0,1704326400000000000,Competitor,75.21371937831731,False,0
CUST_000166,39.0,M,,Premium,66,71.4171793111241,5,5,8.744833791955099,25,1,0.8423535914937317,1,16,2,1,0.0,,,,,0
CUST_000167,44.0,F,AU,Premium,312,67.69384665062474,27,16,0.6144546220843242,89,1,0.7364200836963657,0,2,1,1,1.0,1706227200000000000,Price,79.65385552664348,True,0
CUST_000168,57.0,Other,US,Basic,558,29.99474073398247,26,15,0.3490952085312117,113,0,0.0,0,2,3,1,1.0,1705622400000000000,Price,27.835178019993702,False,0
CUST_000169,32.0,M,US,Basic,309,31.183692758667547,21,23,,89,1,2.404406559638673,2,3,5,0,0.0,,,,,0
CUST_000170,25.0,M,DE,Enterprise,1,200.15006868133185,8,4,,27,0,0.0,0,21,5,1,0.0,,,,,0
CUST_000171,24.0,F,UK,Premium,182,87.95355430762599,13,9,7.618488805458404,54,1,3.6674559313233335,0,5,1,0,0.0,,,,,0
CUST_000172,25.0,F,CA,Basic,9,23.644731601754756,9,2,2.43564606792646,29,0,0.0,0,1,1,0,0.0,,,,,0
CUST_000173,34.0,M,CA,Enterprise,53,215.63542059229448,11,0,0.3616827833244972,28,1,,0,43,5,2,0.0,,,,,0
CUST_000174,39.0,F,UK,Premium,11,87.20344012612456,10,1,30.003045481481106,24,0,0.0,0,2,2,0,1.0,1705795200000000000,Price,102.76738049884774,True,1
CUST_000175,38.0,M,US,Basic,166,20.107062079967417,15,9,0.190372669496308,40,0,0.0,1,1,9,1,0.0,,,,,0
CUST_000176,44.0,M,AU,Premium,208,83.54740912141135,17,7,38.483390892436674,61,0,0.0,1,4,1,3,0.0,,,,,0
CUST_000177,35.0,F,AU,Premium,21,73.83570356112428,6,5,2.0631131668882743,23,0,,0,4,5,3,0.0,,,,,0
CUST_000178,52.0,M,UK,Premium,87,77.03533416571902,9,1,30.412890195901326,26,0,0.0,1,8,7,0,0.0,,,,,0
CUST_000179,31.0,Other,US,Basic,109,30.738382417691682,8,3,33.80545913849964,34,0,0.0,2,37,4,1,0.0,,,,,0
CUST_000180,67.0,M,UK,Basic,82,26.56385717943224,7,5,13.262885507437158,20,2,0.27737473134932555,0,31,4,3,1.0,1705363200000000000,Features,28.145212910618692,True,0
CUST_000181,42.0,F,US,Enterprise,23,221.03518822308928,9,3,13.94319746085975,25,1,5.318322744398779,0,9,2,0,1.0,1705536000000000000,Price,181.99119872904456,True,0
CUST_000182,24.0,F,US,Basic,97,29.170762087440124,3,4,0.07212281585750224,30,0,0.0,0,7,5,1,1.0,1705017600000000000,Competitor,25.88049263387687,False,0
CUST_000183,22.0,M,US,Basic,250,23.56377030568599,17,12,145.52705788271086,55,0,,0,12,4,1,0.0,,,,,0
CUST_000184,40.0,F,CA,Basic,13,23.570874355574073,10,4,26.279538411035453,23,2,0.2008954274899525,0,4,7,2,0.0,,,,,0
CUST_000185,32.0,M,FR,Basic,15,32.396866414782515,8,6,28.185088931646252,22,0,0.0,0,1,3,0,0.0,,,,,0
CUST_000186,43.0,Other,UK,Premium,78,76.58502554129221,8,1,13.457377205019636,18,0,0.0,0,42,5,3,1.0,1705622400000000000,Features,84.61231450587351,False,0
CUST_000187,40.0,M,UK,Enterprise,511,200.98994655940092,28,14,21.13973982406577,95,0,0.0,0,3,5,0,0.0,,,,,0
CUST_000188,34.0,M,CA,Basic,198,31.312956464269757,19,10,,52,0,0.0,0,3,2,0,0.0,,,,,0
CUST_000189,24.0,M,US,Basic,204,20.370966356047017,8,7,9.764491537305279,45,0,0.0,0,9,4,0,0.0,,,,,0
CUST_000190,18.0,Other,US,Basic,80,25.612176738321725,8,0,10.339527722012178,31,1,4.723693535249781,0,10,2,2,0.0,,,,,0
CUST_000191,29.0,F,AU,Premium,162,66.96799144610856,12,6,2.3638869159184286,34,1,4.894996069473592,0,1,4,0,0.0,,,,,0
CUST_000192,45.0,F,US,Premium,1,68.57955587756896,6,6,31.880972119641243,23,0,0.0,0,2,0,0,0.0,,,,,0
CUST_000193,37.0,M,FR,Basic,181,26.677978688453063,16,8,3.8140514174095186,52,2,1.2280301597320016,0,7,3,2,0.0,,,,,0
CUST_000194,20.0,F,CA,Premium,440,75.48078682183491,38,18,12.737955229836729,108,0,0.0,0,17,5,1,0.0,,,,,0
CUST_000195,37.0,M,CA,Premium,170,71.30003933802543,14,8,19.28435063698091,55,1,0.2312024625271759,1,3,3,1,0.0,,,,,0
CUST_000196,39.0,F,UK,Premium,372,66.03883335750106,33,19,72.21588101605377,102,0,0.0,0,8,2,2,0.0,,,,,0
CUST_000197,24.0,M,CA,Enterprise,231,183.30665234788736,16,7,30.988598411340693,69,0,0.0,1,12,2,0,0.0,,,,,0
CUST_000198,36.0,M,FR,Basic,23,36.11184930849254,9,4,3.301749083289015,24,2,2.3432905075376818,0,32,5,1,0.0,,,,,0
CUST_000199,35.0,M,FR,Premium,418,84.95029465835565,36,17,,87,0,0.0,0,5,1,2,0.0,,,,,0
CUST_000200,21.0,F,CA,Basic,12,33.89429025390898,6,5,17.69142124705925,25,0,0.0,0,2,1,0,0.0,,,,,0
CUST_000201,39.0,F,US,Premium,137,74.87002177856566,8,5,80.175886169641,49,0,0.0,0,10,3,0,0.0,,,,,0
CUST_000202,41.0,M,CA,Premium,27,69.73301691152689,3,10,20.753425622337012,25,1,0.0500332592427265,1,20,4,1,0.0,,,,,0
CUST_000203,47.0,F,FR,Premium,2,78.68560829625224,6,5,7.707110485748247,18,0,0.0,1,1,1,1,1.0,1706227200000000000,Other,93.9851911862896,False,0
CUST_000204,47.0,F,US,Premium,98,70.51571365809185,8,4,31.863415942871676,23,0,0.0,1,8,7,4,0.0,,,,,0
CUST_000205,18.0,F,UK,Basic,62,31.09199110444342,12,4,6.59218242812565,32,0,0.0,0,1,1,1,0.0,,,,,0
CUST_000206,23.0,M,UK,Basic,119,36.007992964732146,10,4,12.301653337889988,33,1,12.133690563589752,0,1,2,0,0.0,,,,,0
CUST_000207,41.0,M,UK,Enterprise,154,170.16623723510102,10,5,13.869025403563057,42,1,3.2845014420525382,0,9,2,0,1.0,1705449600000000000,Features,196.24611802561566,False,0
CUST_000208,41.0,F,US,Enterprise,8,227.43286355911823,8,5,7.419075933089843,22,2,9.408357936098298,0,5,5,2,1.0,1706486400000000000,Features,258.4741876393008,False,1
CUST_000209,41.0,M,UK,Basic,23,34.25973808861459,9,5,,31,1,0.6748598698830647,1,27,3,3,0.0,,,,,0
CUST_000210,80.0,M,FR,Basic,147,24.009696863427937,11,7,15.27516693389473,27,2,5.984353420234602,0,13,2,1,0.0,,,,,0
CUST_000211,41.0,F,US,Basic,75,27.08014364023824,9,4,4.760579191924485,23,0,0.0,0,9,4,0,0.0,,,,,0
CUST_000212,48.0,Other,US,Premium,235,68.9594540315799,29,11,9.746599623186736,73,0,0.0,0,7,2,1,0.0,,,,,0
CUST_000213,46.0,M,AU,Premium,190,78.04535752910927,13,14,1.0153969056959116,54,0,0.0,1,10,2,0,0.0,,,,,0
CUST_000214,42.0,M,US,Basic,336,44.549592780026806,25,12,40.8397351060601,81,0,0.0,0,1,5,3,1.0,1704585600000000000,Other,53.171525100660176,False,1
CUST_000215,31.0,F,FR,Basic,212,32.03361529568092,12,8,7.694264857009528,61,1,4.722857170032801,0,33,2,1,0.0,,,,,0
CUST_000216,44.0,M,CA,Premium,101,70.66943942999241,6,4,2.2490167982322156,25,1,1.7002968848786595,0,90,4,0,0.0,,,,,0
CUST_000217,25.0,M,US,Premium,201,88.15390275560162,21,3,29.614703237988483,56,2,1.8938094299897037,1,3,0,1,0.0,,,,,0
CUST_000218,32.0,M,FR,Basic,57,33.43827712936918,7,3,14.290254650981748,40,0,0.0,0,1,8,0,0.0,,,,,0
CUST_000219,29.0,F,CA,Basic,65,27.396661872214043,12,4,17.43689116868218,29,0,0.0,1,2,1,1,0.0,,,,,0
CUST_000220,35.0,F,CA,Basic,280,37.97605677956161,22,12,27.234926611917476,74,0,0.0,0,16,5,3,0.0,,,,,0
CUST_000221,62.0,M,US,Basic,106,30.15035379595701,10,5,33.04890762079197,31,1,0.16825001561330505,1,16,2,1,0.0,,,,,0
CUST_000222,18.0,M,CA,Basic,288,31.48871544545697,26,9,110.1696843874047,74,1,5.539472256810594,0,28,5,1,0.0,,,,,0
CUST_000223,43.0,M,US,Premium,311,97.32557043479201,22,14,71.14077085543721,81,0,0.0,0,20,1,0,0.0,,,,,0
CUST_000224,18.0,F,US,Premium,350,87.14151762118267,31,10,49.07219852700953,98,1,1.5526450263637124,1,8,4,1,0.0,,,,,0
CUST_000225,29.0,M,AU,Premium,447,83.82066727335386,36,18,18.100238512494002,119,2,,0,14,3,0,1.0,1704672000000000000,Features,74.4435160750941,True,1
CUST_000226,48.0,M,US,Premium,101,82.68733147317519,6,5,57.111393612353886,19,1,2.6870301588245953,0,17,3,1,0.0,,,,,0
CUST_000227,35.0,F,UK,Basic,69,26.208491230269846,12,7,4.0049104983022685,26,0,0.0,0,10,2,0,0.0,,,,,0
CUST_000228,22.0,M,US,Basic,157,23.499228835141526,11,4,4.938309205287288,47,0,0.0,0,9,2,1,0.0,,,,,0
CUST_000229,26.0,F,DE,Basic,83,31.19750615310113,8,4,7.295906804123528,22,0,,0,15,2,2,0.0,,,,,0
CUST_000230,43.0,M,US,Basic,165,32.89468251756057,11,4,1.3410820634320009,35,0,0.0,0,12,5,1,0.0,,,,,0
CUST_000231,26.0,M,AU,Premium,220,78.51102816525895,9,10,117.31637255124444,58,1,0.639162177010426,0,15,4,0,0.0,,,,,0
CUST_000232,37.0,M,CA,Enterprise,209,205.44939953052952,18,10,25.77042003723855,49,0,0.0,1,14,2,0,0.0,,,,,0
CUST_000233,35.0,F,US,Basic,84,28.97201990585477,8,3,10.175967119458495,20,0,0.0,0,19,4,1,0.0,,,,,0
CUST_000234,27.0,F,US,Basic,32,32.34370827796256,13,5,13.33151984127252,22,0,0.0,0,15,6,1,0.0,,,,,0
CUST_000235,60.0,F,US,Premium,101,91.4689171553472,4,7,,29,0,0.0,0,11,6,1,0.0,,,,,0
CUST_000236,42.0,M,CA,Basic,27,27.064501487627997,10,3,0.4073601336455341,27,1,2.603761751958596,0,17,2,2,1.0,1705881600000000000,Competitor,21.75694662434448,False,0
CUST_000237,18.0,F,US,Basic,397,32.47768878782889,29,20,47.37762760960768,97,0,0.0,0,8,1,0,1.0,1704240000000000000,Support,30.783708371280685,False,1
CUST_000238,37.0,M,DE,Premium,76,75.33492979631949,5,2,15.742418389030288,24,0,0.0,2,4,2,1,0.0,,,,,0
CUST_000239,27.0,M,CA,Premium,30,61.96128413173281,10,4,6.739221968663056,21,0,0.0,0,1,2,0,0.0,,,,,0
CUST_000240,45.0,F,US,Basic,4,28.642003740709665,12,8,17.69888652453432,27,0,0.0,0,12,4,0,1.0,1705968000000000000,Competitor,31.826835521612917,False,0
CUST_000241,25.0,M,UK,Basic,186,21.410631266595953,15,7,6.6515127085742245,39,0,0.0,0,13,2,0,0.0,,,,,0
CUST_000242,33.0,M,UK,Premium,182,76.26006918170695,15,10,6.321955925508261,50,2,1.666169817640769,0,53,3,1,0.0,,,,,0
CUST_000243,41.0,M,US,Basic,74,33.45191581759893,8,6,2.2005212706280246,21,0,0.0,0,6,3,1,0.0,,,,,0
CUST_000244,45.0,M,US,Basic,13,31.87602508053283,9,3,5.81508460329972,26,2,0.7366622848046337,0,7,4,2,0.0,,,,,0
CUST_000245,20.0,M,US,Premium,94,98.04136589573007,7,3,24.51044808272319,25,1,0.8901345517719352,0,3,2,3,0.0,,,,,0
CUST_000246,30.0,F,UK,Basic,67,29.2488684359048,9,5,21.996870828071273,23,1,0.3190456845294206,0,1,2,2,0.0,,,,,0
CUST_000247,29.0,M,UK,Premium,203,101.18780233448133,20,11,13.606677839441806,63,0,0.0,0,22,2,0,0.0,,,,,0
CUST_000248,27.0,F,CA,Basic,167,25.698394302632764,10,9,20.630321841582088,40,0,0.0,0,4,1,0,0.0,,,,,0
CUST_000249,56.0,F,DE,Enterprise,81,216.65197284537828,3,6,15.94856687372514,27,1,3.0894804646142493,2,14,4,2,1.0,1706140800000000000,Features,189.98055548622668,False,0
CUST_000250,39.0,M,DE,Basic,44,31.10486472194695,5,3,3.450324613029307,22,0,0.0,0,17,1,2,0.0,,,,,0
CUST_000251,19.0,M,CA,Basic,796,31.460094239963997,36,12,9.204621346650812,105,5,1.999082489140817,0,9,4,1,1.0,1704412800000000000,Competitor,27.14581828090689,False,0
CUST_000252,46.0,M,FR,Basic,108,26.369825786662098,9,3,53.68477482006192,40,2,,0,31,7,3,0.0,,,,,0
CUST_000253,60.0,F,US,Basic,209,18.23328540064378,26,8,27.900817133108944,65,0,,0,8,4,1,1.0,1705449600000000000,Price,19.427297583471123,False,0
CUST_000254,47.0,M,US,Premium,27,68.02697472367156,13,6,49.817991444636775,31,1,3.2579469120986126,0,5,2,0,0.0,,,,,0
CUST_000255,18.0,F,US,Enterprise,119,191.89038375983728,6,4,6.81144747001499,37,1,2.8489374397740956,0,33,2,2,0.0,,,,,0
CUST_000256,29.0,M,US,Basic,5,24.686121179784397,6,3,15.176623497444277,31,0,0.0,0,29,6,0,0.0,,,,,0
CUST_000257,50.0,F,CA,Basic,126,32.46739455956997,11,5,4.40658642200108,35,0,,0,2,1,1,0.0,,,,,0
CUST_000258,26.0,M,FR,Premium,598,73.60877296851021,30,15,15.136413124212433,96,0,0.0,1,1,2,1,0.0,,,,,0
CUST_000259,40.0,M,US,Premium,87,73.51731205074923,9,1,8.965491525898678,19,1,6.3940970494064135,0,1,3,2,0.0,,,,,0
CUST_000260,44.0,Other,US,Basic,7,32.08502974788349,11,4,4.813763228798859,26,0,0.0,0,5,2,0,1.0,1704844800000000000,Other,32.077272860453085,False,0
CUST_000261,23.0,F,CA,Basic,5,32.417846616002386,7,4,2.2933511302651657,20,0,0.0,0,53,6,2,0.0,,,,,0
CUST_000262,34.0,M,FR,Basic,88,22.170221443997328,6,2,3.8125691266951844,36,0,0.0,0,12,3,1,0.0,,,,,0
CUST_000263,18.0,F,US,Premium,31,91.17959152305558,9,3,0.4550377104394326,27,0,0.0,0,7,3,1,0.0,,,,,0
CUST_000264,22.0,F,CA,Basic,4,30.30625265616928,10,4,15.235350042209394,24,1,6.9743116935396365,0,32,4,0,1.0,1706140800000000000,Features,25.886171088793358,True,1
CUST_000265,31.0,F,US,Premium,254,71.82081109252398,20,9,,77,0,0.0,0,9,0,1,0.0,,,,,0
CUST_000266,20.0,F,US,Basic,110,29.716942336711256,12,4,1.5122600494952838,32,0,0.0,0,5,3,4,0.0,,,,,0
CUST_000267,54.0,M,AU,Premium,61,90.7972520836071,6,0,2.3546577419504127,26,0,0.0,0,42,4,1,0.0,,,,,0
CUST_000268,18.0,M,AU,Basic,414,31.043264057403356,31,16,5.40903209684693,96,0,,0,28,8,0,0.0,,,,,0
CUST_000269,29.0,M,US,Basic,22,23.853142459089643,8,7,11.853487051284516,20,0,0.0,0,27,3,1,0.0,,,,,0
CUST_000270,36.0,F,AU,Basic,561,22.23664857078233,33,13,4.947409465852873,105,3,0.41843920134201906,0,10,1,3,0.0,,,,,0
CUST_000271,52.0,F,UK,Premium,67,67.97707850163577,6,4,17.54465121776802,27,0,0.0,0,23,4,1,0.0,,,,,0
CUST_000272,18.0,M,FR,Basic,394,34.563441874949625,37,13,1.0362094755511542,99,0,0.0,0,2,1,1,0.0,,,,,0
CUST_000273,48.0,M,CA,Basic,166,25.853683031536058,19,13,6.61348924516362,43,2,0.3486705861681433,0,12,3,1,0.0,,,,,0
CUST_000274,35.0,F,CA,Basic,315,36.6686385495825,30,10,96.83423940939466,93,0,,2,61,1,0,0.0,,,,,0
CUST_000275,23.0,Other,CA,Basic,744,26.32099268473851,39,13,63.38670460111696,102,1,2.7077097940022052,1,5,6,1,0.0,,,,,0
CUST_000276,40.0,F,UK,Premium,61,70.13319077716542,6,5,0.9470944148254482,19,1,1.268852573771844,1,23,3,1,0.0,,,,,0
CUST_000277,37.0,M,US,Premium,584,84.3481733634591,40,9,86.05371078723687,94,1,0.10658888111013798,0,10,3,0,0.0,,,,,0
CUST_000278,27.0,M,US,Premium,88,91.28980502489063,7,4,8.49141938806623,36,3,2.340311001166423,0,1,5,1,0.0,,,,,0
CUST_000279,35.0,M,US,Basic,87,28.220509110316662,5,3,23.44875298871311,32,0,0.0,0,21,6,1,0.0,,,,,0
CUST_000280,30.0,Other,UK,Premium,74,83.58386703551484,5,1,11.476773503983402,23,0,0.0,0,2,1,0,0.0,,,,,0
CUST_000281,36.0,M,US,Basic,140,29.80009112926394,11,6,,34,0,0.0,1,14,3,0,0.0,,,,,0
CUST_000282,42.0,F,UK,Basic,30,31.508913680837725,8,3,62.952414897224315,34,1,7.3980226544350725,0,1,2,0,0.0,,,,,0
CUST_000283,54.0,M,AU,Basic,145,34.5869940795123,12,8,5.324773577640251,52,0,0.0,0,44,3,1,0.0,,,,,0
CUST_000284,20.0,F,US,Basic,140,36.24249614946463,19,5,19.017082740681452,53,1,5.18504122732762,0,5,3,1,0.0,,,,,0
CUST_000285,60.0,F,UK,Premium,258,69.63493625210404,22,22,22.10133648774127,71,0,0.0,0,3,3,0,0.0,,,,,0
CUST_000286,18.0,F,CA,Premium,322,72.32220443531114,17,18,1.8001264670402162,91,0,0.0,0,2,1,1,0.0,,,,,0
CUST_000287,,M,FR,Premium,104,81.92192728326373,6,5,0.21054745651769088,28,1,0.7015805860141602,0,43,1,2,0.0,,,,,0
CUST_000288,42.0,M,US,Basic,64,30.30140253291443,6,5,1.586964242466541,28,1,4.345319165932967,0,18,1,1,0.0,,,,,0
CUST_000289,38.0,M,UK,Basic,54,24.181205368946944,3,3,13.090380734185105,35,1,8.864754583822222,0,20,4,0,0.0,,,,,0
CUST_000290,27.0,Other,DE,Basic,38,24.214245425524787,8,2,10.467428354749872,29,0,0.0,0,10,1,0,1.0,1704499200000000000,Price,23.766271753307436,True,1
CUST_000291,32.0,F,FR,Basic,10,30.718939407749428,5,7,10.076976666950234,28,0,0.0,0,9,2,1,0.0,,,,,0
CUST_000292,29.0,F,UK,Basic,75,28.756738242147744,8,2,,28,0,0.0,1,1,1,0,0.0,,,,,0
CUST_000293,27.0,F,CA,Basic,56,29.163984977057932,7,4,7.9195504402077965,23,0,0.0,0,12,3,1,0.0,,,,,0
CUST_000294,45.0,F,UK,Basic,610,25.207523326499654,42,19,129.26253368371476,89,0,0.0,0,4,1,0,0.0,,,,,0
CUST_000295,39.0,M,FR,Basic,146,27.847996428971165,10,5,10.27718547116384,32,0,0.0,0,56,2,0,1.0,1705449600000000000,Support,28.03567472940988,False,0
CUST_000296,26.0,Other,CA,Premium,76,92.88337778208448,4,3,12.257781589377583,23,0,0.0,0,23,2,1,0.0,,,,,0
CUST_000297,45.0,M,US,Enterprise,156,220.5409031124486,9,8,32.78825052499771,56,0,,0,7,4,2,1.0,1706400000000000000,Competitor,263.72839443456564,True,1
CUST_000298,38.0,M,FR,Enterprise,26,202.47650996633544,6,3,19.151637515240694,28,0,0.0,0,2,3,0,0.0,,,,,0
CUST_000299,44.0,F,UK,Premium,105,80.41257140087463,12,4,10.681861026027843,35,2,2.410326673368135,0,23,1,1,0.0,,,,,0
CUST_000300,42.0,M,UK,Basic,177,24.35244569903795,21,7,47.9765842050939,38,0,0.0,0,1,4,0,0.0,,,,,0
CUST_000301,25.0,M,US,Premium,120,86.68207216631737,10,4,8.275967450614226,30,1,,0,3,2,0,0.0,,,,,0
CUST_000302,28.0,F,UK,Premium,92,81.15396505456287,7,6,,26,1,1.938175451078997,0,3,3,0,0.0,,,,,0
CUST_000303,43.0,M,,Basic,916,28.582810151048196,27,18,13.736789676712219,116,1,,0,12,4,2,0.0,,,,,0
CUST_000304,42.0,F,UK,Basic,382,21.75177390150735,28,17,16.44023387077551,76,1,1.4751639424157275,0,23,2,2,0.0,,,,,0
CUST_000305,34.0,M,US,Premium,175,58.158870605014116,16,4,1.3266839684363527,49,1,5.1556728449863805,0,5,3,2,0.0,,,,,0
CUST_000306,36.0,M,UK,Basic,151,23.980213139592507,17,5,33.29523915343537,37,0,0.0,1,1,4,0,0.0,,,,,0
CUST_000307,50.0,M,AU,Basic,174,30.03633664699472,19,8,,45,1,,0,9,2,0,0.0,,,,,0
CUST_000308,27.0,M,US,Basic,40,29.34672168518125,6,4,3.2527270883451407,27,1,6.7762822969344665,0,20,2,2,0.0,,,,,0
CUST_000309,41.0,F,AU,Basic,90,25.391312233313734,11,0,3.296156338660704,23,1,6.034981364361935,0,3,3,1,0.0,,,,,0
CUST_000310,32.0,M,CA,Basic,7,29.88410436069699,11,3,28.958542766516537,26,2,6.633361542654452,0,3,8,1,0.0,,,,,0
CUST_000311,32.0,F,FR,Basic,116,26.266599577063673,10,14,28.923717271069343,38,2,0.9441527680072368,0,44,5,0,0.0,,,,,0
CUST_000312,48.0,F,DE,Basic,140,27.641724448369732,12,7,15.679709367595683,36,1,0.1068270929303397,0,46,2,3,1.0,1706486400000000000,Other,27.221358232096282,False,1
CUST_000313,44.0,F,CA,Basic,46,37.36726045149268,9,5,11.967516384751905,22,1,0.9076432632003524,0,69,3,0,0.0,,,,,0
CUST_000314,44.0,Other,UK,Premium,598,86.50579167521765,32,15,32.15366066476076,111,0,0.0,0,24,2,1,0.0,,,,,0
CUST_000315,50.0,F,FR,Basic,432,22.502093815362013,31,11,24.8516049073393,113,0,,0,3,0,1,0.0,,,,,0
CUST_000316,35.0,M,CA,Basic,230,33.14866208939587,12,11,78.92610319551318,61,0,0.0,0,3,3,2,0.0,,,,,0
CUST_000317,43.0,M,US,Basic,137,33.056982772457964,19,5,2.55413420250293,29,2,0.2557063687650984,1,6,2,1,0.0,,,,,0
CUST_000318,31.0,M,UK,Enterprise,367,250.17155489298895,29,13,27.102640299630803,101,0,0.0,3,5,4,1,0.0,,,,,0
CUST_000319,38.0,F,DE,Basic,25,33.0938882187743,6,2,5.280642801949001,27,1,0.5076573614552399,0,47,1,2,0.0,,,,,0
CUST_000320,33.0,M,DE,Basic,281,36.68965959206277,18,13,26.907913852811067,70,0,0.0,0,23,3,1,0.0,,,,,0
CUST_000321,36.0,F,DE,Premium,23,71.69043724284526,7,6,7.647628872963807,24,0,0.0,0,19,3,0,1.0,1706054400000000000,Features,59.387344029883494,True,0
CUST_000322,42.0,F,CA,Premium,284,86.57921849923619,27,12,28.859857979766844,80,0,0.0,0,3,2,1,1.0,1704326400000000000,Price,80.75338977748721,False,0
CUST_000323,25.0,M,DE,Basic,58,34.08830733421751,9,5,1.8841085205694243,24,0,0.0,2,36,2,2,1.0,1706227200000000000,Support,33.55301478891306,False,0
CUST_000324,60.0,F,US,Premium,377,97.48608833296412,29,10,35.9890877820846,90,1,0.6758295636332056,0,26,4,1,0.0,,,,,0
CUST_000325,22.0,M,CA,Basic,518,31.757381376197618,29,13,13.881228547753555,104,1,1.1122020103697632,0,2,3,2,0.0,,,,,0
CUST_000326,20.0,M,US,Basic,28,30.702946082002484,10,5,,28,0,0.0,0,30,4,2,0.0,,,,,0
CUST_000327,48.0,F,US,Basic,111,30.95347960464072,12,4,1.0334016641974701,29,1,1.3330617647802283,0,4,2,3,0.0,,,,,0
CUST_000328,44.0,F,US,Basic,713,22.367639358444585,31,18,71.9115107280868,112,0,0.0,0,1,2,1,0.0,,,,,0
CUST_000329,42.0,F,US,Premium,118,71.81167612391269,13,6,9.139118034559285,29,1,2.5677930255808645,1,16,2,0,0.0,,,,,0
CUST_000330,42.0,M,UK,Basic,358,34.84794996213887,38,13,48.987429345272254,105,1,4.020430428351154,1,15,6,0,1.0,1706227200000000000,Support,37.2526169882093,True,0
CUST_000331,34.0,M,US,Basic,159,27.85304627965986,11,9,,37,1,2.0207351307762327,1,1,0,2,0.0,,,,,0
CUST_000332,24.0,F,CA,Premium,84,78.35811822891502,6,4,14.216264238296914,33,0,0.0,1,5,2,3,0.0,,,,,0
CUST_000333,35.0,F,US,Premium,60,79.91752484448372,8,2,7.9477933999470824,35,2,0.1990460306371376,0,74,4,1,0.0,,,,,0
CUST_000334,26.0,F,US,Basic,40,31.571273780089175,12,2,6.135715098088121,29,0,0.0,0,17,1,1,0.0,,,,,0
CUST_000335,46.0,M,US,Premium,258,77.83770956878043,15,15,16.896873840122787,76,0,0.0,1,19,3,1,0.0,,,,,0
CUST_000336,33.0,F,US,Basic,87,28.689044915003446,3,5,12.772335046840553,23,1,0.7274781121339704,0,3,4,1,0.0,,,,,0
CUST_000337,25.0,M,UK,Premium,128,94.78118057562185,12,6,12.138483816188705,43,1,3.8394268343173446,0,1,2,0,1.0,1705017600000000000,Features,81.90455459857287,False,0
CUST_000338,31.0,M,UK,Premium,122,88.85449685615218,19,7,32.04790279584039,36,1,4.9927242942706895,0,4,2,0,0.0,,,,,0
CUST_000339,39.0,Other,UK,Enterprise,154,210.66363278625317,6,5,44.426010984298486,41,0,0.0,1,4,3,0,0.0,,,,,0
CUST_000340,28.0,M,CA,Basic,361,23.901678306539424,29,15,9.350248021773297,94,0,0.0,0,4,5,1,0.0,,,,,0
CUST_000341,25.0,Other,US,Basic,710,28.88223924562881,39,25,7.322648839032536,89,2,1.5526945962252972,1,3,4,1,0.0,,,,,0
CUST_000342,37.0,M,FR,Basic,94,28.12822871048582,7,3,12.994670250594714,29,1,3.402879714250271,1,12,2,1,0.0,,,,,0
CUST_000343,37.0,M,CA,Basic,316,30.126539610204706,32,19,15.730986807468701,83,0,0.0,0,5,1,0,0.0,,,,,0
CUST_000344,28.0,F,CA,Basic,260,27.152365355833208,22,8,0.6769143182903954,79,0,0.0,0,25,4,2,1.0,1705536000000000000,Price,28.410448650661817,False,2
CUST_000345,29.0,F,US,Enterprise,153,213.34361052511034,19,8,46.64398488168659,43,2,1.271177453183789,0,3,7,1,0.0,,,,,0
CUST_000346,37.0,F,US,Basic,562,33.13023585720753,33,11,12.867393254062657,91,0,0.0,0,9,8,2,0.0,,,,,0
CUST_000347,18.0,F,US,Basic,40,26.816178813808914,9,8,33.11295094636845,17,0,0.0,0,1,4,1,0.0,,,,,0
CUST_000348,18.0,F,US,Premium,20,75.07528893939127,5,4,,26,0,0.0,0,9,4,1,0.0,,,,,0
CUST_000349,26.0,F,CA,Basic,346,37.7479195210271,28,10,69.11514050823268,111,1,3.5465850397771512,0,1,2,1,0.0,,,,,0
CUST_000350,32.0,F,CA,Premium,104,74.33504620771802,7,4,3.249596881806009,30,1,7.46839230319226,1,57,3,1,0.0,,,,,0
CUST_000351,38.0,M,UK,Basic,337,22.538686524471906,23,15,12.488984137548577,98,0,0.0,0,23,3,0,0.0,,,,,0
CUST_000352,52.0,F,DE,Basic,402,32.44853902622597,25,16,36.83069114402597,104,0,0.0,1,10,2,1,0.0,,,,,0
CUST_000353,45.0,M,DE,Basic,11,26.485126147243285,2,3,2.3607840857099225,19,1,1.0068357178439782,0,1,5,0,1.0,1705276800000000000,Competitor,26.552570558711015,False,0
CUST_000354,33.0,,UK,Basic,386,30.317436076655298,35,17,18.223238347809087,104,1,1.8211930800811333,2,13,4,0,1.0,1706400000000000000,Support,30.19862634011348,False,0
CUST_000355,34.0,Other,AU,Enterprise,107,196.2122793214264,13,4,5.763369232532679,26,0,0.0,0,21,2,0,0.0,,,,,0
CUST_000356,22.0,M,US,Basic,128,27.82796099841839,7,8,3.091785395723636,32,0,0.0,0,3,5,3,0.0,,,,,0
CUST_000357,34.0,F,US,Basic,177,25.081171672068017,19,17,5.645394593140633,63,0,0.0,0,12,2,2,0.0,,,,,0
CUST_000358,31.0,Other,US,Basic,469,25.547294738418703,36,20,,97,1,0.023627563562692886,0,25,3,1,0.0,,,,,0
CUST_000359,38.0,M,UK,Basic,3,24.41904042259379,4,5,2.286959799559278,33,1,,0,21,4,1,0.0,,,,,0
CUST_000360,25.0,F,FR,Premium,116,86.77407352764511,12,7,0.4651302430050047,27,0,0.0,0,24,1,0,0.0,,,,,0
CUST_000361,41.0,Other,US,Basic,209,28.664108549753223,17,9,28.810371130095536,55,0,0.0,0,31,6,1,0.0,,,,,0
CUST_000362,53.0,M,FR,Premium,230,94.2100622715938,19,15,,69,0,0.0,0,41,3,0,0.0,,,,,0
CUST_000363,33.0,F,US,Enterprise,212,125.7637827499433,20,10,11.845231268240168,53,1,3.3160054602662834,0,7,1,1,0.0,,,,,0
CUST_000364,39.0,,FR,Basic,25,36.436230776679636,5,2,1.5788365889359433,27,0,0.0,0,12,1,1,1.0,1706572800000000000,Other,34.59596088864428,False,0
CUST_000365,43.0,Other,US,Enterprise,64,226.2192413554168,8,3,,24,0,0.0,0,23,2,0,0.0,,,,,0
CUST_000366,30.0,Other,US,Basic,79,30.197022502676884,6,3,29.602947717758575,23,2,1.2765962753800728,0,17,2,2,1.0,1704672000000000000,Competitor,34.8016182869041,True,2
CUST_000367,,Other,CA,Basic,293,31.49842555151467,25,15,62.374935898673805,96,0,0.0,0,81,2,2,0.0,,,,,0
CUST_000368,35.0,F,US,Basic,58,31.360011354596374,6,1,12.177834333836861,24,0,0.0,0,1,6,2,0.0,,,,,0
CUST_000369,36.0,F,US,Premium,42,70.75485838472326,8,3,4.730236511509064,35,2,1.162530089206963,0,6,0,0,1.0,1706227200000000000,Support,75.06401372601054,False,0
CUST_000370,25.0,F,US,Enterprise,568,246.4322173693278,26,21,39.03122493429753,98,2,0.3261624469157587,0,4,4,0,0.0,,,,,0
CUST_000371,35.0,M,DE,Basic,1,31.411244763403285,7,9,1.1959946682055114,27,0,0.0,0,4,4,0,0.0,,,,,0
CUST_000372,40.0,F,CA,Premium,1095,68.43442357239748,27,16,,104,0,0.0,0,3,5,0,0.0,,,,,0
CUST_000373,52.0,M,US,Basic,203,33.345780321946364,20,7,36.408427859514156,57,0,0.0,0,18,4,2,0.0,,,,,0
CUST_000374,46.0,F,UK,Basic,317,33.43645418633371,13,14,147.63883758676695,101,1,0.15913345678670665,0,1,3,1,0.0,,,,,0
CUST_000375,60.0,M,UK,Basic,62,25.183569479107092,7,2,3.770527603521903,21,2,1.2326100021190252,0,20,3,0,0.0,,,,,0
CUST_000376,25.0,M,US,Enterprise,2,202.29819916929893,10,7,0.2328607981246928,32,0,0.0,0,17,4,0,0.0,,,,,0
CUST_000377,45.0,M,CA,Premium,241,60.793966994514825,22,13,26.40275632045536,65,2,1.0458999505010336,0,4,3,0,0.0,,,,,0
CUST_000378,37.0,F,US,Basic,323,27.953430902103193,35,14,55.03865823024321,98,0,0.0,0,4,5,1,0.0,,,,,0
CUST_000379,61.0,M,US,Basic,242,34.36489023883006,13,9,52.520385927998255,64,0,0.0,1,14,2,2,0.0,,,,,0
CUST_000380,25.0,F,UK,Basic,27,40.8193624730968,12,3,2.6918460560688375,31,0,,0,21,5,0,1.0,1704844800000000000,Support,37.79547758999567,False,1
CUST_000381,24.0,M,US,Basic,252,25.070069836825088,16,13,10.62168256216246,83,1,3.914941533789663,2,31,1,3,1.0,1704499200000000000,Features,23.265958508984287,False,2
CUST_000382,27.0,M,CA,Basic,263,22.094776984231125,21,14,26.250742996975305,93,1,4.1323206839675874,0,28,1,1,0.0,,,,,0
CUST_000383,18.0,F,UK,Premium,193,88.11362722174722,14,7,10.759071824796713,51,2,1.5197734338576248,0,50,3,3,0.0,,,,,0
CUST_000384,28.0,F,US,Basic,261,32.60781252563072,19,9,71.40427205618448,67,1,0.7087641993637348,0,13,3,1,0.0,,,,,0
CUST_000385,25.0,M,CA,Basic,336,27.845668130776154,27,13,29.959915472063283,88,0,0.0,0,35,3,0,0.0,,,,,0
CUST_000386,36.0,F,US,Basic,171,36.266303316605175,17,8,38.17416704093375,46,0,0.0,0,24,3,1,0.0,,,,,0
CUST_000387,39.0,F,AU,Premium,16,84.43479378670094,6,2,10.862215971256298,32,0,0.0,0,33,1,1,0.0,,,,,0
CUST_000388,57.0,F,CA,Premium,120,80.99810433718713,6,6,24.72004066667546,29,0,0.0,0,1,4,1,0.0,,,,,0
CUST_000389,46.0,M,DE,Basic,14,25.970695896205534,9,2,5.055938476813566,17,1,3.4442609999912452,0,50,7,0,0.0,,,,,0
CUST_000390,28.0,M,CA,Premium,94,91.72353500106767,8,4,23.243129675859,19,0,0.0,1,9,2,0,0.0,,,,,0
CUST_000391,24.0,F,US,Basic,94,38.962576765840595,12,6,4.190753543925974,23,1,2.6860015875869534,0,24,1,1,1.0,1705104000000000000,Other,33.62611142250246,True,0
CUST_000392,40.0,M,UK,Basic,12,25.16671706108326,8,8,9.8734467925164,26,2,3.973499197052692,0,2,4,1,0.0,,,,,0
CUST_000393,19.0,F,AU,Basic,77,26.2522143204571,7,5,3.0100942054176896,29,0,0.0,0,7,5,0,0.0,,,,,0
CUST_000394,56.0,F,UK,Basic,21,33.29793943489901,6,3,8.067005224564358,23,1,5.045767352316969,0,4,1,1,0.0,,,,,0
CUST_000395,49.0,Other,DE,Basic,297,27.064346751052426,34,10,15.798030582778587,88,0,0.0,2,5,3,2,0.0,,,,,0
CUST_000396,29.0,F,FR,Enterprise,531,215.62317905754352,24,19,15.51025311238175,94,0,0.0,0,1,4,1,0.0,,,,,0
CUST_000397,18.0,Other,US,Premium,13,67.69796275326077,4,3,42.63492276739638,29,0,,0,24,1,0,1.0,1706400000000000000,Price,55.74601088584789,False,0
CUST_000398,51.0,M,US,Premium,558,103.11676675578421,22,18,8.722080592699971,87,0,0.0,0,1,7,1,0.0,,,,,0
CUST_000399,33.0,F,UK,Basic,133,28.930811269528814,15,7,28.59488986604496,31,0,0.0,0,5,2,0,0.0,,,,,0
CUST_000400,49.0,M,CA,Basic,64,25.55136112967913,8,6,51.81912550386619,20,0,0.0,0,2,4,2,0.0,,,,,0
CUST_000401,18.0,F,DE,Premium,14,79.72036861283745,2,5,0.25127731967700295,18,1,2.009705162405614,0,13,1,3,0.0,,,,,0
CUST_000402,27.0,F,FR,Basic,124,36.21816001734407,8,9,,27,0,0.0,0,4,2,1,0.0,,,,,0
CUST_000403,35.0,F,US,Basic,284,22.717465528603718,18,11,,62,0,0.0,0,4,4,4,0.0,,,,,0
CUST_000404,35.0,Other,US,Basic,221,33.06602593373989,15,10,1.268609799608,62,0,0.0,1,10,4,0,0.0,,,,,0
CUST_000405,29.0,F,DE,Premium,9,81.57752540142751,9,7,6.4456652852607865,29,0,0.0,0,15,3,0,0.0,,,,,0
CUST_000406,42.0,M,US,Basic,13,27.601199157520828,7,2,34.20905702147002,24,0,0.0,0,1,5,1,1.0,1705708800000000000,Support,29.06643778833955,True,0
CUST_000407,22.0,M,DE,Basic,92,32.951859480258555,12,5,0.15122309300025952,36,0,0.0,0,2,1,1,0.0,,,,,0
CUST_000408,33.0,F,CA,Premium,62,77.44740951175251,5,6,11.08068151676843,26,1,4.787478309363153,0,4,5,3,1.0,1706486400000000000,Features,67.25877941143636,True,0
CUST_000409,36.0,M,UK,Basic,47,31.853064986097653,9,6,8.69930056666289,22,0,0.0,0,54,3,0,0.0,,,,,0
CUST_000410,41.0,M,US,Basic,59,33.84092330266431,4,0,25.832471164217953,18,0,0.0,1,7,1,2,0.0,,,,,0
CUST_000411,43.0,M,UK,Basic,292,27.343458084083387,27,13,3.5583763234295276,70,1,0.5167783951995581,0,13,8,0,0.0,,,,,0
CUST_000412,21.0,M,CA,Basic,476,25.93881632746125,45,18,57.210726689920435,107,1,0.5503779335010562,0,4,2,0,0.0,,,,,0
CUST_000413,18.0,M,CA,Premium,93,84.56553124533758,7,3,14.722121515205737,27,0,0.0,2,10,1,3,0.0,,,,,0
CUST_000414,50.0,M,US,Basic,425,24.872947350105225,39,12,55.29393378079629,89,0,0.0,0,1,4,2,0.0,,,,,0
CUST_000415,38.0,M,UK,Basic,69,43.745472126543625,7,2,35.66370145921866,23,1,0.39061794376391523,0,1,2,3,0.0,,,,,0
CUST_000416,26.0,M,FR,Premium,116,63.52696011061634,7,4,27.906058502018844,26,2,0.3587091714799161,0,9,5,0,0.0,,,,,0
CUST_000417,53.0,Other,US,Premium,46,89.82691053887073,8,6,0.5359878992763086,32,0,0.0,0,7,2,2,0.0,,,,,0
CUST_000418,36.0,M,US,Premium,184,74.28875348182122,25,11,16.2769333005623,42,0,0.0,0,2,2,1,0.0,,,,,0
CUST_000419,49.0,M,US,Basic,695,31.40933030859246,30,13,25.370992849078654,113,0,,0,17,0,2,0.0,,,,,0
CUST_000420,,F,UK,Basic,166,31.736323986889833,13,1,8.559999069065668,48,0,0.0,0,74,4,1,0.0,,,,,0
CUST_000421,59.0,M,UK,Enterprise,79,241.80100710044732,8,2,7.503379604571106,18,0,0.0,0,7,1,1,0.0,,,,,0
CUST_000422,56.0,Other,CA,Premium,187,65.02881814887009,13,7,12.59194628855997,64,1,,1,14,3,2,0.0,,,,,0
CUST_000423,32.0,F,US,Basic,23,28.372728699985498,7,3,7.077773562658956,26,0,0.0,0,49,4,0,1.0,1705276800000000000,Competitor,27.681507988581046,True,0
CUST_000424,46.0,M,US,Basic,395,30.639397620796785,30,21,193.7890516213698,98,0,0.0,0,26,6,1,0.0,,,,,0
CUST_000425,42.0,M,CA,Basic,125,29.429465031466652,9,5,1.6112774502324336,32,1,3.5943001464175586,0,9,4,2,0.0,,,,,0
CUST_000426,51.0,F,CA,Enterprise,107,209.60984844652532,5,11,37.95543695658224,34,1,7.818739327936128,0,20,6,1,0.0,,,,,0
CUST_000427,23.0,Other,AU,Basic,158,27.85100184712403,9,7,14.360044819947767,55,0,0.0,0,2,4,2,0.0,,,,,0
CUST_000428,43.0,F,US,Basic,176,24.742967828698433,16,5,23.893976410661796,43,0,,0,10,5,3,0.0,,,,,0
CUST_000429,47.0,F,UK,Basic,13,29.87605709454256,7,2,22.16292119690766,24,0,0.0,0,4,2,1,0.0,,,,,0
CUST_000430,18.0,M,CA,Premium,206,74.36838637914602,13,8,12.789477026103267,56,1,1.096105866410684,0,2,4,2,0.0,,,,,0
CUST_000431,20.0,Other,CA,Premium,49,74.88573392883997,7,6,7.035742273214369,24,0,0.0,0,8,4,1,0.0,,,,,0
CUST_000432,18.0,M,UK,Basic,225,27.43235156913801,20,11,16.46302936933512,55,0,0.0,1,2,1,0,0.0,,,,,0
CUST_000433,31.0,Other,UK,Premium,311,60.3025830030458,28,9,20.28296031966639,94,1,2.970582340977704,0,18,2,1,0.0,,,,,0
CUST_000434,43.0,F,AU,Enterprise,293,169.65300088977568,26,13,105.69770755487477,86,0,0.0,0,9,4,1,0.0,,,,,0
CUST_000435,53.0,F,US,Basic,144,31.100472452259208,6,8,35.313636269606604,40,1,0.8978077826918711,1,11,2,3,1.0,1706227200000000000,Features,28.546377071452948,False,0
CUST_000436,35.0,F,US,Basic,132,32.034252966078355,11,5,2.1158654024602708,35,1,1.893678599807922,0,2,5,0,0.0,,,,,0
CUST_000437,54.0,M,UK,Basic,27,39.28271782414771,9,6,1.4303430436888316,19,1,0.7960013917527602,1,2,1,2,1.0,1705622400000000000,Competitor,41.28480256917307,True,0
CUST_000438,18.0,M,CA,Premium,268,79.34441011705842,22,11,20.784449396119665,77,0,0.0,0,13,6,0,1.0,1705363200000000000,Competitor,78.74557598110967,True,0
CUST_000439,18.0,M,,Basic,56,31.368160384057273,5,2,1.2983727957653457,21,1,7.698715674167728,0,63,4,0,0.0,,,,,0
CUST_000440,34.0,M,US,Premium,123,72.41751587666151,18,4,16.488838086874168,37,0,0.0,1,1,0,0,1.0,1705881600000000000,Competitor,82.05973552436352,False,2
CUST_000441,39.0,F,US,Premium,60,83.53508712554468,9,1,1.939058697902896,26,0,,0,5,5,0,0.0,,,,,0
CUST_000442,34.0,M,FR,Basic,25,24.40656744256953,8,1,9.23657173126944,24,1,,0,30,4,2,0.0,,,,,0
CUST_000443,18.0,M,US,Enterprise,178,251.39608754522897,11,12,0.17914060811043797,48,3,2.007986758156409,0,1,5,4,0.0,,,,,0
CUST_000444,33.0,Other,US,Basic,10,27.524550428810468,7,6,4.758369950626803,26,0,0.0,0,31,1,2,0.0,,,,,0
CUST_000445,19.0,F,US,Basic,248,33.87908359672355,30,15,38.94611309299588,71,1,6.753123469725169,0,11,1,3,0.0,,,,,0
CUST_000446,43.0,Other,US,Premium,68,80.70463770996571,8,1,8.271549773826107,23,0,0.0,0,7,2,1,0.0,,,,,0
CUST_000447,39.0,Other,US,Premium,1,69.37267434715388,6,2,47.86297288765413,24,0,0.0,0,5,0,0,0.0,,,,,0
CUST_000448,23.0,M,CA,Basic,128,29.274670554999243,8,4,36.8408442635684,26,0,0.0,0,5,2,0,0.0,,,,,0
CUST_000449,28.0,M,US,Premium,8,85.10216169589222,7,2,,22,0,,1,5,3,2,0.0,,,,,0
CUST_000450,22.0,F,DE,Enterprise,58,235.2750359532834,10,5,0.5819191979288685,23,0,0.0,1,32,1,1,0.0,,,,,0
CUST_000451,34.0,F,US,Basic,220,27.914914747878147,13,9,57.08935813267658,62,1,0.08607796078894257,0,19,4,0,1.0,1705536000000000000,Support,26.082817373714242,False,0
CUST_000452,46.0,M,CA,Enterprise,11,172.06559807538105,10,1,30.27193851330588,25,0,0.0,0,16,3,1,0.0,,,,,0
CUST_000453,23.0,F,FR,Basic,329,41.13358243172761,30,10,78.51630857390447,88,0,,0,24,3,1,0.0,,,,,0
CUST_000454,41.0,M,UK,Basic,1,31.16479912680348,5,7,1.711355618984791,28,0,0.0,2,4,5,0,0.0,,,,,0
CUST_000455,28.0,M,CA,Basic,51,22.111912496228815,13,7,77.16313615168089,25,0,0.0,0,14,3,1,0.0,,,,,0
CUST_000456,25.0,F,US,Premium,243,75.63745261318928,14,10,10.097787595358964,67,1,5.442158718996336,0,9,6,0,0.0,,,,,0
CUST_000457,33.0,F,US,Premium,68,83.2548993324023,3,6,16.101214083998006,25,0,0.0,0,22,1,2,0.0,,,,,0
CUST_000458,22.0,F,UK,Basic,19,39.442213864349625,6,3,29.829323305147177,34,0,0.0,0,5,0,0,1.0,1705881600000000000,Price,43.53099066741425,True,0
CUST_000459,28.0,M,AU,Basic,80,21.070083438810208,8,4,3.3597254679541897,30,0,0.0,0,15,3,2,0.0,,,,,0
CUST_000460,20.0,F,UK,Premium,56,71.90558997572454,7,1,29.859762942269725,26,3,,0,32,4,5,0.0,,,,,0
CUST_000461,58.0,M,CA,Basic,332,38.35482587685891,25,14,17.07552678171773,91,1,0.49015906868546866,0,7,0,2,0.0,,,,,0
CUST_000462,35.0,M,UK,Premium,67,71.16246478875571,4,2,46.83836243089496,24,0,0.0,1,1,1,0,0.0,,,,,0
CUST_000463,26.0,F,CA,Premium,280,96.34936575836808,25,14,12.843274436482012,89,2,,0,10,1,1,0.0,,,,,0
CUST_000464,37.0,Other,US,Basic,400,31.673145430612177,20,16,153.3461902567173,104,0,0.0,1,6,1,0,1.0,1706572800000000000,Competitor,32.032939483154905,True,1
CUST_000465,33.0,F,CA,Enterprise,102,215.01357337686935,10,2,0.7796126926471694,20,0,0.0,0,16,4,4,1.0,1704326400000000000,Support,182.5671065771224,False,1
CUST_000466,32.0,F,AU,Basic,433,29.016877532985806,33,13,61.76835984831149,94,0,0.0,0,45,1,0,0.0,,,,,0
CUST_000467,42.0,F,US,Enterprise,85,196.1717986871065,7,6,9.494055959094512,32,0,0.0,0,9,5,1,0.0,,,,,0
CUST_000468,44.0,F,UK,Premium,598,75.04319288243737,27,13,32.49261171911968,83,2,8.211679301775632,0,9,3,1,1.0,1705017600000000000,Support,89.98283800236678,False,0
CUST_000469,28.0,M,US,Premium,16,82.17453261250175,9,1,3.16189142685331,22,1,1.0660174079064038,2,15,3,0,1.0,1705190400000000000,Price,97.79401832482596,True,0
CUST_000470,28.0,M,CA,Basic,209,29.428435807016797,26,8,35.49521285563001,36,1,1.3349448278141196,0,1,4,1,0.0,,,,,0
CUST_000471,31.0,M,US,Premium,122,78.06613141100051,13,5,3.5874930816085127,37,0,0.0,0,4,2,2,0.0,,,,,0
CUST_000472,18.0,M,CA,Basic,88,30.276918778371584,11,1,10.060535287668094,31,0,,0,37,3,0,1.0,1705363200000000000,Other,36.22653313078705,False,0
CUST_000473,18.0,F,DE,Basic,180,24.523268388184878,15,10,7.300465309606849,49,0,0.0,0,16,2,3,0.0,,,,,0
CUST_000474,51.0,F,US,Basic,219,26.959495804198898,16,13,94.74783916871824,53,2,1.4155230366517793,0,1,3,2,0.0,,,,,0
CUST_000475,54.0,M,UK,Basic,1,24.020923026048855,8,3,0.36311327289983686,28,1,,0,3,3,0,0.0,,,,,0
CUST_000476,32.0,M,DE,Basic,32,32.255681209118286,9,4,2.7850494890151487,30,1,,0,17,1,1,0.0,,,,,0
CUST_000477,41.0,F,FR,Premium,224,81.25264117247549,19,11,8.632765501998428,60,0,,0,21,6,0,0.0,,,,,0
CUST_000478,38.0,M,US,Premium,197,85.9272275511686,15,9,,56,0,0.0,0,27,1,2,0.0,,,,,0
CUST_000479,71.0,F,US,Basic,608,29.191189974800142,35,14,13.245841696692201,97,1,4.310474513609595,0,5,3,1,0.0,,,,,0
CUST_000480,48.0,F,US,Premium,257,96.02514658129606,29,9,24.12920647754188,69,1,1.9696117258582173,0,40,2,2,0.0,,,,,0
CUST_000481,,F,AU,Basic,542,27.501616759966065,28,20,102.96842725606695,99,2,3.41887504450606,0,12,1,0,0.0,,,,,0
CUST_000482,23.0,F,FR,Premium,218,95.3185689908911,19,7,37.696288599778846,56,0,0.0,0,17,3,0,0.0,,,,,0
CUST_000483,18.0,F,CA,Premium,63,71.66967004476011,10,5,10.842625615827384,30,1,0.43915225245592754,0,13,8,1,0.0,,,,,0
CUST_000484,37.0,M,DE,Basic,20,23.44016487112918,6,7,,26,1,,1,1,1,0,0.0,,,,,0
CUST_000485,25.0,F,CA,Premium,274,86.75155494034783,27,15,45.06327253514268,73,0,0.0,0,49,3,3,0.0,,,,,0
CUST_000486,18.0,F,UK,Basic,185,33.98429386732904,11,12,4.6768705009192315,61,1,,0,1,3,0,0.0,,,,,0
CUST_000487,27.0,M,US,Basic,8,30.403182022450682,9,2,19.293718701330057,23,0,0.0,0,4,4,2,0.0,,,,,0
CUST_000488,22.0,F,DE,Premium,80,76.5147138192555,7,1,3.596971916613048,19,0,0.0,0,25,0,0,1.0,1706572800000000000,Competitor,65.54909049656408,False,1
CUST_000489,55.0,F,US,Basic,565,30.860527363034315,29,13,26.98258390751879,95,1,1.8203943844296426,0,14,1,1,0.0,,,,,0
CUST_000490,45.0,F,DE,Basic,124,30.945795978339643,11,1,7.431501970781226,36,0,0.0,1,27,4,2,0.0,,,,,0
CUST_000491,34.0,F,DE,Basic,102,28.734396734912274,10,7,27.733750482327515,26,0,0.0,0,10,5,0,0.0,,,,,0
CUST_000492,52.0,F,UK,Premium,110,67.82813538292997,11,8,2.067053509795304,33,0,0.0,0,7,4,1,0.0,,,,,0
CUST_000493,35.0,F,US,Basic,42,34.482346169054416,5,7,10.423660451341304,19,0,0.0,0,38,0,3,1.0,1706313600000000000,Price,37.03021275853122,False,0
CUST_000494,24.0,F,US,Basic,82,25.871613562518938,6,5,1.9152873493754392,31,0,0.0,0,1,1,0,0.0,,,,,0
CUST_000495,53.0,F,US,Premium,83,78.43411511100105,6,7,15.251101013900344,16,1,1.6014883580464143,0,29,0,1,0.0,,,,,0
CUST_000496,41.0,F,US,Premium,9,91.18970789793663,6,2,29.43376404466077,29,0,0.0,1,3,2,0,1.0,1706400000000000000,Support,87.46244148492634,False,2
CUST_000497,22.0,F,US,Basic,262,24.999807178011768,22,17,,82,1,5.208366096857362,1,28,3,3,0.0,,,,,0
CUST_000498,32.0,F,FR,Basic,96,28.682377126923225,7,6,8.928144880131727,20,0,0.0,0,2,2,2,0.0,,,,,0
CUST_000499,24.0,M,CA,Basic,310,35.187190673420695,26,13,112.9392412789731,86,0,0.0,0,13,4,1,0.0,,,,,0
CUST_000500,18.0,F,US,Basic,341,26.71349172456605,31,14,34.85951611835649,101,0,0.0,0,32,2,0,0.0,,,,,0
